Mon May 19 03:36:43 UTC 2025
Sun Jun  1 01:27:16 UTC 2025
Sun Jun 15 01:23:06 UTC 2025
Tue Jul  1 01:24:05 UTC 2025
Tue Jul 15 01:22:05 UTC 2025
Fri Aug  1 01:39:41 UTC 2025
Fri Aug 15 01:17:19 UTC 2025
Mon Sep  1 01:20:57 UTC 2025
Mon Sep 15 01:12:55 UTC 2025
Wed Oct  1 01:16:32 UTC 2025
Wed Oct 15 01:10:20 UTC 2025
Sat Nov  1 01:16:00 UTC 2025
Sat Nov 15 01:11:35 UTC 2025
Mon Dec  1 01:26:54 UTC 2025
Mon Dec 15 01:20:07 UTC 2025
Thu Jan  1 01:26:29 UTC 2026
Thu Jan 15 01:18:50 UTC 2026
Sun Feb  1 01:57:25 UTC 2026
